scenario,run_id,result_dir,passed,valid_trial,failure_phase,correlation_id,reaction_time_ms,ack_latency_ms,recovery_time_ms,convergence_time_ms,manager_duration_ms,altitude_spread_m,rollback_performed,mission_continuity,diagnostics_complete
e0,20260831T154638Z,results/e0/20260831T154638Z,True,True,,,,,,,,,False,True,
e0,20260831T161645Z,results/e0/20260831T161645Z,True,True,,,,,,,,,False,True,
e0,20260831T164321Z,results/e0/20260831T164321Z,False,True,,,,,,,,,False,True,
e0,20260831T171034Z,results/e0/20260831T171034Z,True,True,,,,,,,,,False,True,
e0,20260831T173920Z,results/e0/20260831T173920Z,True,True,,,,,,,,,False,True,
e0,20260831T180620Z,results/e0/20260831T180620Z,True,True,,,,,,,,,False,True,
e0,20260831T183302Z,results/e0/20260831T183302Z,True,True,,,,,,,,,False,True,
e0,20260831T185933Z,results/e0/20260831T185933Z,True,True,,,,,,,,,False,True,
e0,20260831T192634Z,results/e0/20260831T192634Z,True,True,,,,,,,,,False,True,
e0,20260831T195320Z,results/e0/20260831T195320Z,True,True,,,,,,,,,False,True,
e1,20260831T155643Z,results/e1/20260831T155643Z,True,True,,drone01-BatteryLow-1788192093788107-1,216.0,2.0,,,23.733,,False,True,
e1,20260831T162316Z,results/e1/20260831T162316Z,True,True,,drone01-BatteryLow-1788193691569228-1,206.0,12.0,,,26.558,,False,True,
e1,20260831T165012Z,results/e1/20260831T165012Z,True,True,,drone01-BatteryLow-1788195310904746-1,243.0,11.0,,,20.15,,False,True,
e1,20260831T171910Z,results/e1/20260831T171910Z,True,True,,drone01-BatteryLow-1788197052791325-1,287.0,11.0,,,21.893,,False,True,
e1,20260831T174608Z,results/e1/20260831T174608Z,True,True,,drone01-BatteryLow-1788198661960243-1,283.0,4.0,,,22.423,,False,True,
e1,20260831T181256Z,results/e1/20260831T181256Z,True,True,,drone01-BatteryLow-1788200270653719-1,220.0,7.0,,,19.744,,False,True,
e1,20260831T183929Z,results/e1/20260831T183929Z,True,True,,drone01-BatteryLow-1788201861162887-1,234.0,9.0,,,26.618,,False,True,
e1,20260831T190608Z,results/e1/20260831T190608Z,True,True,,drone01-BatteryLow-1788203467672464-1,271.0,1.0,,,23.948,,False,True,
e1,20260831T193311Z,results/e1/20260831T193311Z,True,True,,drone01-BatteryLow-1788205086353771-1,290.0,6.0,,,25.479,,False,True,
e1,20260831T195955Z,results/e1/20260831T195955Z,True,True,,drone01-BatteryLow-1788206690010256-1,247.0,6.0,,,22.896,,False,True,
e2,20260831T160218Z,results/e2/20260831T160218Z,True,True,,drone01-TelemetryHeartbeatLost-1788192327577731-1,,,32390.0,32390.0,,0.267,False,True,True
e2,20260831T162855Z,results/e2/20260831T162855Z,True,True,,drone01-TelemetryHeartbeatLost-1788193923639608-1,,,32327.0,32327.0,,0.066,False,True,True
e2,20260831T165559Z,results/e2/20260831T165559Z,True,True,,drone01-TelemetryHeartbeatLost-1788195545370761-1,,,32348.0,32348.0,,0.035,False,True,True
e2,20260831T172458Z,results/e2/20260831T172458Z,True,True,,drone01-TelemetryHeartbeatLost-1788197286443418-1,,,32245.0,32245.0,,0.034,False,True,True
e2,20260831T175146Z,results/e2/20260831T175146Z,True,True,,drone01-TelemetryHeartbeatLost-1788198895731339-1,,,32340.0,32340.0,,0.242,False,True,True
e2,20260831T181840Z,results/e2/20260831T181840Z,True,True,,drone01-TelemetryHeartbeatLost-1788200506138984-1,,,32344.0,32344.0,,0.032,False,True,True
e2,20260831T184510Z,results/e2/20260831T184510Z,True,True,,drone01-TelemetryHeartbeatLost-1788202094837402-1,,,32328.0,32328.0,,0.063,False,True,True
e2,20260831T191157Z,results/e2/20260831T191157Z,True,True,,drone01-TelemetryHeartbeatLost-1788203702448852-1,,,33422.0,33422.0,,0.097,False,True,True
e2,20260831T193855Z,results/e2/20260831T193855Z,False,False,precondition,drone01-TelemetryHeartbeatLost-1788205323816089-1,,,,31409.0,,0.05,False,False,True
e2,20260831T200538Z,results/e2/20260831T200538Z,True,True,,drone01-TelemetryHeartbeatLost-1788206926484931-1,,,32400.0,32400.0,,0.261,False,True,True
e2,20260901T070822Z,results/e2/20260901T070822Z,False,True,recovery,drone01-TelemetryHeartbeatLost-1788246694415816-1,,,,48566.0,,0.072,False,True,True
e4,20260831T161054Z,results/e4/20260831T161054Z,True,True,,drone01-AnalyticsLatencySLO-1788192922538037-1,,,,63000.0,45755.291,,True,True,
e4,20260831T163732Z,results/e4/20260831T163732Z,True,True,,drone01-AnalyticsLatencySLO-1788194519940024-1,,,,64000.0,45758.396,,True,True,
e4,20260831T170447Z,results/e4/20260831T170447Z,True,True,,drone01-AnalyticsLatencySLO-1788196152309877-1,,,,64000.0,45756.622,,True,True,
e4,20260831T173336Z,results/e4/20260831T173336Z,True,True,,drone01-AnalyticsLatencySLO-1788197878605575-1,,,,62000.0,45503.608,,True,True,
e4,20260831T180021Z,results/e4/20260831T180021Z,True,True,,drone01-AnalyticsLatencySLO-1788199496988031-1,,,,66000.0,45773.117,,True,True,
e4,20260831T182716Z,results/e4/20260831T182716Z,True,True,,drone01-AnalyticsLatencySLO-1788201099922751-1,,,,64000.0,45762.108,,True,True,
e4,20260831T185346Z,results/e4/20260831T185346Z,True,True,,drone01-AnalyticsLatencySLO-1788202690028249-1,,,,64000.0,45756.037,,True,True,
e4,20260831T192043Z,results/e4/20260831T192043Z,True,True,,drone01-AnalyticsLatencySLO-1788204312137136-1,,,,63000.0,45756.898,,True,True,
e4,20260831T194733Z,results/e4/20260831T194733Z,True,True,,drone01-AnalyticsLatencySLO-1788205918324264-1,,,,65000.0,45759.19,,True,True,
e4,20260831T201413Z,results/e4/20260831T201413Z,True,True,,drone01-AnalyticsLatencySLO-1788207516038581-1,,,,62000.0,45759.399,,True,True,
p2,20260831T160610Z,results/p2/20260831T160610Z,True,True,,drone01-AnalyticsLatencySLO-1788192633777340-1,,,,31000.0,14596.503,,False,True,
p2,20260831T163246Z,results/p2/20260831T163246Z,True,True,,drone01-AnalyticsLatencySLO-1788194229714320-1,,,,35000.0,16997.477,,False,True,
p2,20260831T165948Z,results/p2/20260831T165948Z,True,True,,drone01-AnalyticsLatencySLO-1788195864913916-1,,,,37000.0,16597.626,,False,True,
p2,20260831T172849Z,results/p2/20260831T172849Z,True,True,,drone01-AnalyticsLatencySLO-1788197593201928-1,,,,34000.0,16998.647,,False,True,
p2,20260831T175538Z,results/p2/20260831T175538Z,True,True,,drone01-AnalyticsLatencySLO-1788199203269026-1,,,,30000.0,12596.642,,False,True,
p2,20260831T182228Z,results/p2/20260831T182228Z,True,True,,drone01-AnalyticsLatencySLO-1788200813785061-1,,,,34000.0,16997.725,,False,True,
p2,20260831T184857Z,results/p2/20260831T184857Z,True,True,,drone01-AnalyticsLatencySLO-1788202405863265-1,,,,33000.0,14997.628,,False,True,
p2,20260831T191546Z,results/p2/20260831T191546Z,True,True,,drone01-AnalyticsLatencySLO-1788204020925655-1,,,,37000.0,16997.481,,False,True,
p2,20260831T194245Z,results/p2/20260831T194245Z,True,True,,drone01-AnalyticsLatencySLO-1788205632710292-1,,,,31000.0,14401.166,,False,True,
p2,20260831T200929Z,results/p2/20260831T200929Z,True,True,,drone01-AnalyticsLatencySLO-1788207232592222-1,,,,30000.0,14807.488,,False,True,
